{
    "action_counts": {
        "what": 5,
        "how": 5,
        "if_can": 5
    },
    "saved_at": "2025-03-01 14:47:34",
    "episode_rewards": [
        0.8422433745536876,
        0.5594562110473892,
        -0.06028870002891934,
        0.3707774958721014,
        1.569215978824082,
        0.7361084970773828,
        1.4400720282521862,
        1.478595648223558,
        0.2123556204994623,
        0.9462367787027095
    ],
    "actor_losses": [
        1.7695128917694092e-08,
        -0.0017903940752148628,
        0.007667648606002331,
        -0.0033719101920723915,
        -0.0007388577796518803,
        -0.021115226671099663,
        0.009002428501844406,
        -0.005991056561470032,
        -0.0021226652897894382,
        -0.009839627891778946
    ],
    "critic_losses": [
        3.4287950256839395e-10,
        96.05406188964844,
        60.28721618652344,
        20.36530876159668,
        59.40088653564453,
        14.556217193603516,
        32.87468338012695,
        50.61817932128906,
        7.3863396644592285,
        85.38414764404297
    ],
    "question_type_rewards": {
        "what": [
            1.9180869851378683,
            1.1774462849559522,
            0.9535867132146401,
            0.9821997256435968,
            1.8037923931968436,
            1.7591426997748845,
            1.3034778917589356,
            1.569215978824082,
            1.478595648223558,
            0.9462367787027095
        ],
        "how": [
            0.992274416118966,
            1.0352338187047256,
            1.1364352876465191,
            0.958738622260743,
            -0.45113160908085964,
            2.08337453322511,
            -0.1425625184026636,
            0.5594562110473892,
            -0.06028870002891934,
            1.4400720282521862
        ],
        "if_can": [
            1.1691180300981339,
            1.966058410021044,
            0.4314617541274315,
            2.0059881542499323,
            1.0095682682452827,
            0.19125292108977357,
            0.8422433745536876,
            0.3707774958721014,
            0.7361084970773828,
            0.2123556204994623
        ]
    }
}