{
    "action_counts": {
        "what": 1,
        "how": 1,
        "if_can": 1
    },
    "saved_at": "2025-03-01 22:31:46",
    "episode_rewards": [
        -0.5563990142854622,
        0.9874800433878399,
        3.328234614204642,
        1.0760812321522188,
        -0.9686388736167539,
        -0.31182063029899615,
        -1.3124820044934715,
        0.7943094395390857,
        -0.26208031884287125,
        -0.05318393971444618
    ],
    "actor_losses": [
        -9.313225746154785e-10,
        -6.51925802230835e-09,
        -9.313225746154785e-10,
        -9.313225746154785e-10,
        1.979060471057892e-09,
        -1.909211277961731e-08,
        5.587935447692871e-09,
        -1.4901161193847656e-08,
        3.026798367500305e-08,
        2.0256265997886658e-08
    ],
    "critic_losses": [
        1.000444171950221e-10,
        647.4660034179688,
        320.88031005859375,
        181.15524291992188,
        724.8950805664062,
        717.9105224609375,
        104.02703857421875,
        411.9802551269531,
        270.53656005859375,
        217.52621459960938
    ],
    "question_type_rewards": {
        "what": [
            0.9108545121138532,
            0.7841676632059598,
            -0.33310506795991157,
            -0.5731014264962266,
            2.8053126094949943,
            1.132451212249596,
            1.6300945736345938,
            -1.3124820044934715,
            0.7943094395390857,
            -0.05318393971444618
        ],
        "how": [
            -1.5253792765573286,
            0.15763705820053264,
            -1.0288055818443302,
            -0.7818132122636039,
            -0.5563990142854622,
            0.9874800433878399,
            3.328234614204642,
            1.0760812321522188,
            -0.9686388736167539,
            -0.26208031884287125
        ],
        "if_can": [
            2.209748943443148,
            1.9977024185037466,
            2.0645174467268705,
            0.271543232428664,
            0.6308075142349533,
            -0.37912361106237946,
            -0.37911695506526805,
            -0.07935220716112412,
            -0.7245204102393734,
            -0.31182063029899615
        ]
    }
}