{
  "train_losses": [
    -0.06313462795749787,
    -0.06861824950864238,
    -0.06996697956515897,
    -0.07025285113242365,
    -0.0704718174472932,
    -0.07065331166790377,
    -0.07082206203091529,
    -0.0709707256286375,
    -0.07110094255016695,
    -0.07129248303751792
  ],
  "validation_accuracies": [
    58.71559633027523,
    63.30275229357798,
    65.13761467889908,
    65.13761467889908,
    64.22018348623854,
    64.22018348623854,
    65.13761467889908,
    64.22018348623854,
    63.30275229357798,
    66.97247706422019
  ],
  "best_validation_accuracy": 66.97247706422019,
  "training_time": 455.30005145072937
}