{
    "action_counts": {
        "what": 5,
        "how": 5,
        "if_can": 5
    },
    "saved_at": "2025-03-17 20:30:44",
    "train_losses": [
        0.6887657219363797,
        0.6720716164958093,
        0.6338528990745544,
        0.568564441896254,
        0.4991146268383149,
        0.45957211909755585,
        0.44483970490194136,
        0.4390801816217361,
        0.43628790157456554,
        0.43468702464334424
    ],
    "validation_accuracies": [
        80.73394495412845,
        81.65137614678899,
        84.40366972477065,
        84.40366972477065,
        83.4862385321101,
        83.4862385321101,
        84.40366972477065,
        84.40366972477065,
        84.40366972477065,
        84.40366972477065
    ]
}