{
    "action_counts": {
        "what": 5,
        "how": 5,
        "if_can": 5
    },
    "saved_at": "2025-02-28 08:07:15",
    "episode_rewards": [
        1.5373689672946842,
        1.3831408827585734,
        2.4206502170737543,
        1.6700547369754417,
        0.6055066498775816,
        1.1342231774734044,
        1.7503382153876914,
        1.2669427592630647,
        1.6917970508192441,
        2.227586227610552
    ],
    "actor_losses": [
        -3.4924596548080444e-09,
        -1.792795956134796e-08,
        2.427259460091591e-08,
        -1.1641532182693481e-08,
        4.6566128730773926e-09,
        -6.984919309616089e-09,
        1.0477378964424133e-08,
        -2.6309862732887268e-08,
        1.0244548320770264e-08,
        1.210719347000122e-08
    ],
    "critic_losses": [
        1.318767317570746e-10,
        29.413864135742188,
        16.832054138183594,
        40.736305236816406,
        36.63624572753906,
        17.013389587402344,
        69.03834533691406,
        50.203956604003906,
        59.315860748291016,
        41.14764404296875
    ],
    "question_type_rewards": {
        "what": [
            1.9099656877874052,
            1.6903847062474116,
            1.8386613231479338,
            2.4856079099746875,
            1.9630548445484257,
            2.060893447923604,
            1.806763626335689,
            1.5373689672946842,
            2.4206502170737543,
            2.227586227610552
        ],
        "how": [
            1.3164743582672207,
            0.9454469962593073,
            0.043093210950606475,
            1.962847841391614,
            -0.2966388947036374,
            0.5493133582169518,
            -0.9789896908879065,
            1.3831408827585734,
            0.6055066498775816,
            1.6917970508192441
        ],
        "if_can": [
            2.076425803405001,
            1.0592757564273212,
            1.5348012605205341,
            1.1893965309745722,
            1.6414130696667861,
            1.4459274645985531,
            1.6700547369754417,
            1.1342231774734044,
            1.7503382153876914,
            1.2669427592630647
        ]
    }
}