{
    "action_counts": {
        "what": 1,
        "how": 1,
        "if_can": 1
    },
    "saved_at": "2025-03-11 01:51:26",
    "train_losses": [
        0.6931471805418691,
        0.6931471805418691,
        0.6931471805418691,
        0.6931471805418691,
        0.6931471805418691,
        0.6931471805418691,
        0.6931471805418691,
        0.6931471805418691,
        0.6931471805418691,
        0.6931471805418691
    ],
    "validation_accuracies": [
        0.0,
        0.0,
        0.0,
        0.0,
        0.0,
        0.0,
        0.0,
        0.0,
        0.0,
        0.0
    ]
}