{
    "action_counts": {
        "what": 5,
        "how": 5,
        "if_can": 5
    },
    "saved_at": "2025-02-27 23:41:50",
    "episode_rewards": [
        1.0671255511384645,
        1.9378584221686193,
        0.6686877039501555,
        1.8921786941646197,
        1.6361866873143374,
        2.031631181471379,
        1.5264476208316866,
        1.895553453742735,
        -0.676249416520261,
        1.835688274916429
    ],
    "actor_losses": [
        -7.450580596923828e-09,
        -9.546056389808655e-09,
        -2.0954757928848267e-08,
        0.0,
        -2.7939677238464355e-09,
        -4.0046870708465576e-08,
        -6.05359673500061e-09,
        -3.725290298461914e-09,
        -1.955777406692505e-08,
        1.1699739843606949e-08
    ],
    "critic_losses": [
        5.121592039358802e-11,
        57.62955093383789,
        18.702665328979492,
        130.13546752929688,
        105.31195831298828,
        105.06343078613281,
        118.82501220703125,
        37.346927642822266,
        238.71902465820312,
        286.29351806640625
    ],
    "question_type_rewards": {
        "what": [
            2.7010783409425603,
            1.8878088943241167,
            1.9454591947544344,
            0.5674195183545628,
            2.3984708373117565,
            1.819822215743541,
            1.8921786941646197,
            2.031631181471379,
            1.5264476208316866,
            1.835688274916429
        ],
        "how": [
            0.8649889260226169,
            0.24539156820931368,
            0.228928949547888,
            -0.6351287094320588,
            0.9196552774698739,
            0.7069899523189659,
            -0.22557627901655125,
            1.8439610657665213,
            -1.3673509577150325,
            -0.676249416520261
        ],
        "if_can": [
            1.6036302880936644,
            0.6116815147641597,
            2.144112061056443,
            0.5713381230648942,
            1.2481566500254055,
            1.0671255511384645,
            1.9378584221686193,
            0.6686877039501555,
            1.6361866873143374,
            1.895553453742735
        ]
    }
}