{
    "action_counts": {
        "what": 5,
        "how": 5,
        "if_can": 5
    },
    "saved_at": "2025-02-28 02:59:26",
    "episode_rewards": [
        1.2435612928782354,
        1.524543646683318,
        2.1915873014845486,
        1.8872932570273226,
        1.8138448604162956,
        1.1033018891217021,
        1.1971719202938718,
        2.0092245774781197,
        0.5630179065290108,
        1.9097464182622632
    ],
    "actor_losses": [
        -2.4243490770459175e-08,
        -1.594889909029007e-08,
        1.6298145055770874e-08,
        1.6298145055770874e-08,
        9.89530235528946e-09,
        1.0244548320770264e-08,
        2.4097971618175507e-08,
        1.4202669262886047e-08,
        1.3940734788775444e-08,
        8.149072527885437e-09
    ],
    "critic_losses": [
        5.4853899200679734e-11,
        66.71028137207031,
        89.08164978027344,
        57.28997039794922,
        71.66273498535156,
        19.669954299926758,
        37.11054229736328,
        173.72909545898438,
        73.96495819091797,
        288.9023132324219
    ],
    "question_type_rewards": {
        "what": [
            2.407416880148521,
            1.8062995629763139,
            2.3307117595796467,
            1.8785092861717252,
            3.1638519159805796,
            1.726604665170442,
            2.366192042670083,
            2.1915873014845486,
            1.8872932570273226,
            2.0092245774781197
        ],
        "how": [
            0.24064082070653908,
            1.4303038044953555,
            1.6778133763757344,
            1.471923808397849,
            1.5494016534798767,
            1.0561336016845486,
            1.2435612928782354,
            1.1033018891217021,
            1.1971719202938718,
            0.5630179065290108
        ],
        "if_can": [
            1.250539900690416,
            -0.571834009471115,
            2.110067936861997,
            1.8431793426149075,
            2.0415938258310264,
            1.9004158002711322,
            2.0789079020921606,
            1.524543646683318,
            1.8138448604162956,
            1.9097464182622632
        ]
    }
}