{
    "action_counts": {
        "what": 5,
        "how": 5,
        "if_can": 5
    },
    "saved_at": "2025-02-27 05:09:38",
    "episode_rewards": [
        2.3477233848472374,
        1.123245906237976,
        2.180113858950385,
        1.0713643285890404,
        1.4816891127507656,
        2.428821021981686,
        1.752032780641787,
        0.8357141837448019,
        1.2676394208077926,
        1.7789424570682186
    ],
    "actor_losses": [
        6.752088665962219e-09,
        -3.026798367500305e-09,
        -1.3213139027357101e-08,
        -1.3853423297405243e-08,
        2.6891939342021942e-08,
        -5.3551048040390015e-09,
        -7.450580596923828e-09,
        -3.3760443329811096e-09,
        1.7811544239521027e-08,
        4.0978193283081055e-08
    ],
    "critic_losses": [
        3.1445779313798994e-10,
        46.49909591674805,
        16.618188858032227,
        38.970088958740234,
        16.603334426879883,
        30.24894905090332,
        22.582454681396484,
        40.7392692565918,
        33.21712875366211,
        16.019397735595703
    ],
    "question_type_rewards": {
        "what": [
            1.8594687633090277,
            1.9658437342645274,
            2.62163360128996,
            -0.16757557621567715,
            2.270370681203733,
            2.169977828300364,
            2.3477233848472374,
            2.428821021981686,
            1.752032780641787,
            1.7789424570682186
        ],
        "how": [
            1.8196452919346366,
            1.4248796865910165,
            0.46454773724951026,
            2.1150733199625567,
            0.6788240557381033,
            1.123245906237976,
            1.0713643285890404,
            1.4816891127507656,
            0.8357141837448019,
            1.2676394208077926
        ],
        "if_can": [
            1.5237870941005507,
            2.0023099600036893,
            1.7620033420148393,
            2.445765355568188,
            0.6392171471928964,
            1.2198249807077177,
            2.08209181859645,
            0.5264102935809445,
            1.2312509455240102,
            2.180113858950385
        ]
    }
}