{
    "action_counts": {
        "what": 5,
        "how": 5,
        "if_can": 5
    },
    "saved_at": "2025-02-27 03:31:30",
    "episode_rewards": [
        1.6456347260681465,
        1.692753574844009,
        1.5266693762334063,
        3.074399340047975,
        1.73019985609076,
        1.9272168566206596,
        2.0632121905463308,
        2.0740515999421287,
        1.984846570482159,
        1.8366374488928554
    ],
    "actor_losses": [
        2.7939677238464355e-08,
        0.0027282307855784893,
        0.0028256624937057495,
        -0.012783948332071304,
        -0.013470028527081013,
        -0.012230293825268745,
        -0.013546272180974483,
        -0.004613381344825029,
        -0.014348533004522324,
        -0.014045274816453457
    ],
    "critic_losses": [
        1.0516032489249483e-11,
        6.521198749542236,
        94.92935180664062,
        43.08867645263672,
        92.7236328125,
        119.86463165283203,
        4.169806480407715,
        146.74740600585938,
        162.8697052001953,
        36.29106521606445
    ],
    "question_type_rewards": {
        "what": [
            1.343196643229971,
            2.2274396654711266,
            1.7635346474593299,
            2.0965984150595354,
            1.692753574844009,
            3.074399340047975,
            1.9272168566206596,
            2.0632121905463308,
            2.0740515999421287,
            1.984846570482159
        ],
        "how": [
            -0.846704360960804,
            1.818887765222552,
            1.5133806729236585,
            2.392132152186215,
            -0.711444470622872,
            1.4886589173653892,
            1.901777884216261,
            1.6456347260681465,
            1.5266693762334063,
            1.8366374488928554
        ],
        "if_can": [
            -0.07449153594467028,
            1.2747527445551294,
            0.03399099903979777,
            0.30899209713052533,
            1.0925769049990601,
            1.8936948815803942,
            0.10100844497850711,
            0.20519211511913735,
            2.2802239858767264,
            1.73019985609076
        ]
    }
}