{
    "action_counts": {
        "what": 5,
        "how": 5,
        "if_can": 5
    },
    "saved_at": "2025-02-28 06:25:17",
    "episode_rewards": [
        0.9236637016307472,
        1.8231836611076513,
        0.1366220473494924,
        2.538874151047824,
        1.9684108622216823,
        1.545337863471473,
        2.2912114628126883,
        2.6371252057739576,
        -0.7104614175469846,
        0.7807584768654038
    ],
    "actor_losses": [
        3.536115400493145e-09,
        -5.122274160385132e-09,
        -2.2504536900669336e-08,
        -2.686283551156521e-08,
        -1.3969838619232178e-08,
        -2.6891939342021942e-08,
        -4.773028194904327e-09,
        2.561137080192566e-09,
        4.598405212163925e-09,
        -2.1420419216156006e-08
    ],
    "critic_losses": [
        3.8767211663071066e-10,
        6.982471942901611,
        95.02371215820312,
        28.74521827697754,
        184.90782165527344,
        189.5652313232422,
        21.77591323852539,
        74.53673553466797,
        69.09019470214844,
        40.76301574707031
    ],
    "question_type_rewards": {
        "what": [
            2.10381132561769,
            1.928764131738908,
            1.842701520558236,
            1.2530990578363486,
            2.583235501337919,
            0.9236637016307472,
            1.8231836611076513,
            2.538874151047824,
            2.2912114628126883,
            2.6371252057739576
        ],
        "how": [
            0.3084590887574674,
            1.1255597236150128,
            0.3844682217927958,
            1.1547439294286328,
            1.3044771047048878,
            1.5655580917021048,
            1.686794264098719,
            0.1366220473494924,
            1.545337863471473,
            -0.7104614175469846
        ],
        "if_can": [
            1.9716699910227324,
            0.27853299564500517,
            0.08798952308938404,
            1.5288974131969826,
            0.6617714154485486,
            1.8447182161392046,
            0.4750481606132472,
            1.4519763399005856,
            1.9684108622216823,
            0.7807584768654038
        ]
    }
}