{
  "action_selections": {
    "what": {
      "4": 27
    },
    "how": {
      "1": 12,
      "2": 1
    },
    "if_can": {
      "3": 20
    }
  },
  "what": {
    "rewards": [
      0.39318516511561236,
      0.576169413008271,
      0.6372531213828523,
      0.33736803638293417,
      0.3881187377102182,
      0.41937853273877185,
      0.23013528337045502,
      0.38133563443858987,
      0.43889380739490363,
      -0.15086309339364673,
      0.4230647511311014,
      0.46800198022057565,
      0.37021730534840025,
      0.3702249986954215,
      0.4006279358717335,
      0.4500400532302706,
      0.7382444546180458,
      -0.03499007561624068,
      0.3258687314985126,
      0.4071823203436579,
      0.39323150794225564,
      0.798670885264338,
      0.1376031152082815,
      0.8371216742552396,
      0.38494021343057994,
      0.34944822223377686,
      0.22552989477831376
    ],
    "bert_scores": [
      0.833161473274231,
      0.8920422196388245,
      0.8981102705001831,
      0.8661781549453735,
      0.8056614995002747,
      0.8419790863990784,
      0.8287358283996582,
      0.8304882049560547,
      0.843700647354126,
      0.8750094175338745,
      0.8503943681716919,
      0.9040299654006958,
      0.8371527194976807,
      0.8320916295051575,
      0.8460080027580261,
      0.8593333959579468,
      0.9276450276374817,
      0.8706932663917542,
      0.8081157207489014,
      0.8194764256477356,
      0.8745419383049011,
      0.9298566579818726,
      0.9292953610420227,
      0.8940515518188477,
      0.8177785277366638,
      0.8283017873764038,
      0.836933970451355
    ],
    "rouge_scores": [
      0.15555555555555553,
      0.4395604395604396,
      0.4978540772532189,
      0.32515337423312884,
      0.11976047904191617,
      0.19230769230769232,
      0.22115384615384617,
      0.11650485436893204,
      0.1739130434782609,
      0.3253333333333333,
      0.17194570135746606,
      0.517814726840855,
      0.09638554216867469,
      0.10465116279069768,
      0.1818181818181818,
      0.22222222222222224,
      0.5648854961832062,
      0.22836095764272557,
      0.03733333333333333,
      0.18000000000000005,
      0.42424242424242425,
      0.7248908296943232,
      0.48837209302325585,
      0.872852233676976,
      0.13333333333333333,
      0.07692307692307693,
      0.16
    ],
    "meteor_scores": [
      0.057361376673040136,
      0.32322765726829145,
      0.4596658630192307,
      0.36141783104177005,
      0.21689419795221845,
      0.09113001215066828,
      0.1395941462510001,
      0.07656626506024095,
      0.3155006858710563,
      0.4530458906251577,
      0.11070345962801316,
      0.5701805437478691,
      0.05791505791505791,
      0.03931847968545216,
      0.0880281690140845,
      0.18244219653179192,
      0.8407337015813228,
      0.15765773801832642,
      0.010351966873706002,
      0.141327230800829,
      0.4882398108670613,
      0.7791945309267019,
      0.5285757137608991,
      0.7524422887502853,
      0.09090909090909093,
      0.024578651685393256,
      0.23597182137906356
    ],
    "action_selections": {
      "4": 27
    }
  },
  "how": {
    "rewards": [
      -0.1369880785769796,
      -0.1568242215726086,
      0.30197614929966854,
      0.39586113664793904,
      0.2701926844201191,
      0.08052391372025997,
      -0.3673075961554869,
      -0.1503721325652313,
      -0.17535780474103319,
      0.4679198700204522,
      0.3885081676199774,
      0.5991142238333287,
      0.7132642142921728
    ],
    "bert_scores": [
      0.8199206590652466,
      0.826444149017334,
      0.809239387512207,
      0.8588035106658936,
      0.8048005104064941,
      0.7795290946960449,
      0.8085523843765259,
      0.8145932555198669,
      0.7873471975326538,
      0.8656514883041382,
      0.8664539456367493,
      0.8890109658241272,
      0.9327455759048462
    ],
    "rouge_scores": [
      0.12676056338028172,
      0.11475409836065573,
      0.1138211382113821,
      0.18918918918918923,
      0.04761904761904761,
      0.0784313725490196,
      0.1078838174273859,
      0.15730337078651685,
      0.10062893081761005,
      0.3005780346820809,
      0.18064516129032257,
      0.6081081081081081,
      0.7557603686635946
    ],
    "meteor_scores": [
      0.21227233479394134,
      0.18757398137452047,
      0.12620118343195263,
      0.15748031496062992,
      0.040530554382578264,
      0.1445466491458607,
      0.2644223043548128,
      0.16355140186915887,
      0.13677811550151975,
      0.3706265952725961,
      0.2710140948196961,
      0.44985750000502817,
      0.6761154250440183
    ],
    "action_selections": {
      "1": 12,
      "2": 1
    }
  },
  "if_can": {
    "rewards": [
      0.44231006641385184,
      0.33816807480711286,
      0.4284553523539454,
      0.43508294135659525,
      0.05524333354258193,
      0.36102752044184966,
      0.0883812011239416,
      -0.11872552890525911,
      0.2887086310259763,
      0.35617852730605715,
      0.3854358892964975,
      0.02225066613234264,
      0.35357528989038495,
      0.35310093321831626,
      0.16388079239560083,
      0.1420026650546114,
      0.37549993102921636,
      0.317258802889715,
      0.21980011270158156,
      0.2971199810828298
    ],
    "bert_scores": [
      0.8990411758422852,
      0.8658477663993835,
      0.8772667646408081,
      0.8941417932510376,
      0.817647397518158,
      0.8586814403533936,
      0.8468005061149597,
      0.8320154547691345,
      0.8101618885993958,
      0.9070340991020203,
      0.8592815399169922,
      0.7834019064903259,
      0.8648331165313721,
      0.8937737345695496,
      0.9027515053749084,
      0.89291912317276,
      0.8635168075561523,
      0.8347427845001221,
      0.8131810426712036,
      0.8494372367858887
    ],
    "rouge_scores": [
      0.4495412844036697,
      0.2527472527472528,
      0.3972602739726028,
      0.4132231404958678,
      0.12418300653594772,
      0.2608695652173913,
      0.18897637795275588,
      0.3304347826086957,
      0.1495327102803738,
      0.4874551971326164,
      0.2994011976047904,
      0.128,
      0.286764705882353,
      0.508833922261484,
      0.37500000000000006,
      0.46296296296296297,
      0.32989690721649484,
      0.1801801801801802,
      0.14977973568281938,
      0.20879120879120877
    ],
    "meteor_scores": [
      0.40326885594148315,
      0.35106473903404267,
      0.4625199709513435,
      0.43671908533968085,
      0.25609250271060885,
      0.3533546752034147,
      0.28267325709324514,
      0.39715302491103205,
      0.1762295081967213,
      0.5726966000904217,
      0.38828252244821926,
      0.25426006558082037,
      0.33524672360731705,
      0.5426326232247285,
      0.49016433812079474,
      0.5573488049587756,
      0.4118585967980876,
      0.29023474633815116,
      0.22741924959216972,
      0.31167166573660715
    ],
    "action_selections": {
      "3": 20
    }
  }
}