{
  "train_losses": [
    0.6931471805418691,
    0.6931471805418691,
    0.6931471805418691,
    0.6931471805418691,
    0.6931471805418691,
    0.6931471805418691,
    0.6931471805418691,
    0.6931471805418691,
    0.6931471805418691,
    0.6931471805418691
  ],
  "validation_accuracies": [
    0.0,
    0.0,
    0.0,
    0.0,
    0.0,
    0.0,
    0.0,
    0.0,
    0.0,
    0.0
  ],
  "best_validation_accuracy": 0.0,
  "training_time": 1561.6993854045868
}