{
    "action_counts": {
        "what": 5,
        "how": 5,
        "if_can": 5
    },
    "saved_at": "2025-03-10 22:21:59",
    "train_losses": [
        -0.11304167970534294,
        -0.11519163846969604,
        -0.1155624351193828,
        -0.11583209999146,
        -0.1160580208224635,
        -0.1162673504121842,
        -0.11643807157393425,
        -0.11659422036140196,
        -0.11672365088616649,
        -0.1169356934485897
    ],
    "validation_accuracies": [
        83.4862385321101,
        83.4862385321101,
        82.56880733944955,
        82.56880733944955,
        84.40366972477065,
        82.56880733944955,
        82.56880733944955,
        83.4862385321101,
        81.65137614678899,
        82.56880733944955
    ]
}