{
    "action_counts": {
        "what": 13,
        "how": 13,
        "if_can": 13
    },
    "saved_at": "2025-03-01 04:40:13",
    "episode_rewards": [
        2.739177549181754,
        1.1947909858306864,
        2.278561446386423,
        0.1814265678995837,
        0.7479880193334202,
        1.7219038076552275,
        1.9382153617642668,
        2.5549182018488525,
        2.88869894711278,
        1.5315823682917098
    ],
    "actor_losses": [
        2.3981556296348572e-08,
        5.122274160385132e-09,
        -4.470348358154297e-08,
        -8.381903171539307e-09,
        -2.7008354663848877e-08,
        1.1175870895385742e-08,
        2.0489096641540527e-08,
        2.9802322387695312e-08,
        2.1420419216156006e-08,
        4.6566128730773926e-09
    ],
    "critic_losses": [
        7.759126674500294e-11,
        50.98630905151367,
        41.75128173828125,
        35.577171325683594,
        29.983776092529297,
        20.324369430541992,
        54.07078552246094,
        14.936235427856445,
        139.0047607421875,
        135.7283172607422
    ],
    "question_type_rewards": {
        "what": [
            0.8235486138019836,
            3.2881894790031745,
            0.5148828332703093,
            1.5724500961677386,
            2.6126564015556144,
            2.278561446386423,
            1.7219038076552275,
            1.9382153617642668,
            2.88869894711278,
            1.5315823682917098
        ],
        "how": [
            2.9875108898835014,
            0.7755861206253205,
            0.43163453639267585,
            0.7873080161772426,
            1.441987414316638,
            1.6601377754305782,
            2.739177549181754,
            1.1947909858306864,
            0.7479880193334202,
            2.5549182018488525
        ],
        "if_can": [
            0.06066736679809642,
            0.1558723965325688,
            -0.012040312429455274,
            0.251202927481854,
            0.15550680803730846,
            0.17137647634558656,
            0.25631409003888017,
            0.36335538826515906,
            0.034836676479091416,
            0.1814265678995837
        ]
    }
}