{
    "action_counts": {
        "what": 5,
        "how": 5,
        "if_can": 5
    },
    "saved_at": "2025-02-28 23:52:10",
    "episode_rewards": [
        1.4204485635683448,
        2.394702071189403,
        0.826028353600842,
        1.589104864897561,
        1.0398393879914967,
        1.3111078407038084,
        2.2429954701851447,
        1.6229663996277255,
        1.7639314640485957,
        0.2909684168225441
    ],
    "actor_losses": [
        -3.725290298461914e-09,
        2.0489096641540527e-08,
        4.842877388000488e-08,
        -2.2351741790771484e-08,
        -4.190951585769653e-09,
        7.450580596923828e-09,
        -0.0012345099821686745,
        -0.04526902362704277,
        -0.03135225176811218,
        -0.045971788465976715
    ],
    "critic_losses": [
        7.275957614183426e-11,
        1056.41796875,
        68.42242431640625,
        1393.8094482421875,
        1372.1630859375,
        251.6941680908203,
        833.6094360351562,
        1314.2069091796875,
        692.3109741210938,
        305.4866027832031
    ],
    "question_type_rewards": {
        "what": [
            2.1494752729233233,
            1.8183961967615008,
            1.9101772874086036,
            -1.3670363793916187,
            1.5158520804255808,
            2.1466003795878295,
            1.8498390729546212,
            2.394702071189403,
            0.826028353600842,
            1.6229663996277255
        ],
        "how": [
            2.907430305972804,
            1.0175884313644847,
            1.6273167481843713,
            1.4886269445400404,
            2.060997320676558,
            1.4204485635683448,
            1.589104864897561,
            1.0398393879914967,
            1.3111078407038084,
            1.7639314640485957
        ],
        "if_can": [
            0.18754499955443377,
            0.18081405390432415,
            0.04629784397578099,
            0.2202048407278201,
            -0.00716776718073836,
            0.1100596066417503,
            2.309785242147039,
            0.6120255291673559,
            2.2429954701851447,
            0.2909684168225441
        ]
    }
}