{
  "train_losses": [
    0.690428683757782,
    0.6824531269073486,
    0.6672915720939636,
    0.6367758131027221,
    0.5900469303131104,
    0.5385181283950806,
    0.4996992874145508,
    0.4856406784057617,
    0.47938790917396545,
    0.47721686244010925
  ],
  "validation_accuracies": [
    81.81818181818183,
    82.95454545454545,
    77.27272727272727,
    76.13636363636364,
    77.27272727272727,
    77.27272727272727,
    77.27272727272727,
    77.27272727272727,
    82.95454545454545,
    82.95454545454545
  ],
  "best_validation_accuracy": 82.95454545454545,
  "training_time": 434.93127846717834
}