{
    "action_counts": {
        "what": 5,
        "how": 5,
        "if_can": 5
    },
    "saved_at": "2025-02-27 10:29:51",
    "episode_rewards": [
        1.242848180745343,
        -0.9360085702142771,
        2.024238744864171,
        1.689756601067957,
        1.901098166072865,
        2.068362847679989,
        2.269755550560779,
        1.1866306826299498,
        1.0070860606829948,
        1.476820450573693
    ],
    "actor_losses": [
        -2.0256265997886658e-08,
        2.2351741790771484e-08,
        9.778887033462524e-09,
        -2.7939677238464355e-08,
        3.725290298461914e-09,
        8.149072527885437e-09,
        1.5366822481155396e-08,
        -1.1175870895385742e-08,
        8.381903171539307e-09,
        9.546056389808655e-09
    ],
    "critic_losses": [
        1.2846612662542611e-10,
        23.903932571411133,
        336.80780029296875,
        132.1175537109375,
        320.1598205566406,
        389.8520812988281,
        23.09939193725586,
        327.5755615234375,
        310.290283203125,
        79.7597427368164
    ],
    "question_type_rewards": {
        "what": [
            2.930938381769169,
            2.1455001514435796,
            2.039726510650255,
            1.7525304788618672,
            2.1504170697358513,
            1.7964422230714994,
            1.242848180745343,
            2.024238744864171,
            1.901098166072865,
            2.068362847679989
        ],
        "how": [
            0.8503670796494659,
            1.4522397247151504,
            -0.5635273050073851,
            1.6061683385426144,
            1.0233732159596123,
            -0.9360085702142771,
            1.689756601067957,
            1.1866306826299498,
            1.0070860606829948,
            1.476820450573693
        ],
        "if_can": [
            1.7131751991617827,
            0.39508997431011617,
            0.8670170834999025,
            1.646712908398734,
            1.2672617501207424,
            1.7085865689437676,
            0.9255727674986842,
            1.8432005553435626,
            1.4499134396577946,
            2.269755550560779
        ]
    }
}