{
    "action_counts": {
        "what": 5,
        "how": 5,
        "if_can": 5
    },
    "saved_at": "2025-03-11 00:37:37",
    "train_losses": [
        0.6908538131152883,
        0.6840853024931515,
        0.6741677592782414,
        0.6587137018933016,
        0.635482626802781,
        0.6044483886045569,
        0.5665274402674507,
        0.5272960136918461,
        0.4942050471025355,
        0.47123271051575155
    ],
    "validation_accuracies": [
        78.33333333333333,
        78.33333333333333,
        75.0,
        78.33333333333333,
        81.66666666666667,
        81.66666666666667,
        81.66666666666667,
        81.66666666666667,
        81.66666666666667,
        81.66666666666667
    ]
}