{
    "action_counts": {
        "what": 5,
        "how": 5,
        "if_can": 5
    },
    "saved_at": "2025-03-01 10:03:08",
    "episode_rewards": [
        0.8145193375538403,
        -0.4371846593812781,
        1.6704669867763564,
        2.2765248796105446,
        1.889665979847238,
        0.28370130475642447,
        1.0669034996753408,
        1.7109462029540823,
        0.9819958518478141,
        1.3343143559204593
    ],
    "actor_losses": [
        -2.0023435354232788e-08,
        5.908077582716942e-09,
        9.42964106798172e-09,
        7.188646122813225e-09,
        -1.792795956134796e-08,
        2.112938091158867e-08,
        -1.525040715932846e-08,
        4.874891601502895e-09,
        -3.958120942115784e-09,
        9.546056389808655e-09
    ],
    "critic_losses": [
        9.640643838793039e-11,
        27.059829711914062,
        144.33201599121094,
        53.743865966796875,
        209.77459716796875,
        281.0395202636719,
        30.538969039916992,
        365.7407531738281,
        628.4512329101562,
        290.27410888671875
    ],
    "question_type_rewards": {
        "what": [
            2.262281888047771,
            0.8096670337798086,
            2.409801821511903,
            2.356979657835427,
            1.1697015052300745,
            0.8145193375538403,
            1.6704669867763564,
            2.2765248796105446,
            1.889665979847238,
            1.7109462029540823
        ],
        "how": [
            1.3423797568647449,
            0.6477411061218445,
            -1.7100170803240187,
            2.9975440713807675,
            0.7903186940690184,
            0.7579481043754716,
            -0.4371846593812781,
            0.28370130475642447,
            1.0669034996753408,
            0.9819958518478141
        ],
        "if_can": [
            0.13548577823136473,
            1.7365290605483614,
            0.6969425295101033,
            1.4307522361307312,
            0.19450173107820917,
            -0.10816683480050335,
            1.7124038982669099,
            0.22023203018197884,
            1.2018772362462014,
            1.3343143559204593
        ]
    }
}