{
    "action_counts": {
        "what": 5,
        "how": 5,
        "if_can": 5
    },
    "saved_at": "2025-03-17 19:55:01",
    "train_losses": [
        0.6520682323363519,
        0.5456801181839358,
        0.45931866476612704,
        0.4284352227564781,
        0.418531701449425,
        0.41354950349177083,
        0.4093146670249201,
        0.40591554487905196,
        0.40142913451117856,
        0.3980953871242462
    ],
    "validation_accuracies": [
        80.73394495412845,
        84.40366972477065,
        85.3211009174312,
        84.40366972477065,
        84.40366972477065,
        83.4862385321101,
        83.4862385321101,
        83.4862385321101,
        83.4862385321101,
        83.4862385321101
    ]
}