{
    "action_counts": {
        "what": 8,
        "how": 8,
        "if_can": 8
    },
    "saved_at": "2025-03-02 18:13:03",
    "episode_rewards": [
        0.8971617416590947,
        0.722784277285206,
        0.7989901293406743,
        1.2590804528827273,
        1.6174092149822683,
        1.1909319085976418,
        1.1914152785732086,
        1.0152588328310088,
        -0.119480113610274,
        0.6838197609185626
    ],
    "actor_losses": [
        -0.012193256057798862,
        -0.013271765783429146,
        -0.011246413923799992,
        -0.004833356477320194,
        -0.012620843946933746,
        -0.011922395788133144,
        -0.01241325493901968,
        -0.0111016184091568,
        -0.01486285962164402,
        -0.013216321356594563
    ],
    "critic_losses": [
        4.013145371573046e-10,
        514.9000854492188,
        134.82908630371094,
        635.6510009765625,
        896.6726684570312,
        207.8346710205078,
        510.04962158203125,
        1085.9578857421875,
        612.6229858398438,
        59.6025390625
    ],
    "question_type_rewards": {
        "what": [
            0.8031806194204378,
            2.093517531045315,
            1.8927245573188687,
            1.5188345116618773,
            0.8204819062868771,
            2.2248369411878484,
            0.722784277285206,
            0.7989901293406743,
            1.6174092149822683,
            1.0152588328310088
        ],
        "how": [
            1.4136182417027945,
            0.6884529960930763,
            0.7885727954678179,
            1.87237640137006,
            0.48964969769030575,
            1.4248996601790955,
            0.8971617416590947,
            1.2590804528827273,
            1.1909319085976418,
            0.6838197609185626
        ],
        "if_can": [
            0.0024897129527192696,
            0.8687129006837351,
            0.8963004099254263,
            0.20338753109843044,
            -0.5825721521158422,
            0.6559761367797535,
            0.26367530267274125,
            0.2257572989663627,
            1.1914152785732086,
            -0.119480113610274
        ]
    }
}