{
    "action_counts": {
        "what": 5,
        "how": 5,
        "if_can": 5
    },
    "saved_at": "2025-02-26 23:53:49",
    "episode_rewards": [
        0.20320551407550902,
        0.10244986940994172,
        0.5915391455980266,
        0.8486255530177746,
        1.050677145303922,
        0.9617852373587084,
        1.6353595314429046,
        2.943111754265974,
        -0.6685207779077524,
        1.5960379414671486
    ],
    "actor_losses": [
        -3.213062882423401e-08,
        -0.00014706049114465714,
        -0.0003338304813951254,
        -0.00018111011013388634,
        -0.0001569916494190693,
        -0.00017924979329109192,
        -0.0003008726052939892,
        -0.0001058545894920826,
        -0.00012023933231830597,
        -8.377060294151306e-05
    ],
    "critic_losses": [
        1.637801005927031e-10,
        130.5880889892578,
        234.54293823242188,
        64.29059600830078,
        615.4678955078125,
        742.5310668945312,
        136.2952423095703,
        625.6912231445312,
        1110.9517822265625,
        660.5763549804688
    ],
    "question_type_rewards": {
        "what": [
            2.480055174378891,
            1.8828391945619,
            2.145095901531769,
            2.1856312906091553,
            3.644189831781389,
            2.389965953048229,
            0.1790913656397632,
            1.1329150536702508,
            2.0569064154709986,
            1.6353595314429046
        ],
        "how": [
            0.07944825327188454,
            0.5994536246581588,
            0.6168295049623024,
            0.9839404572221209,
            1.2763805363537009,
            0.8990011471928844,
            0.5915391455980266,
            2.943111754265974,
            -0.6685207779077524,
            1.5960379414671486
        ],
        "if_can": [
            0.12005108854548488,
            0.8144263896470321,
            1.7980287056801665,
            1.2976203416010565,
            1.2405916434540347,
            0.20320551407550902,
            0.10244986940994172,
            0.8486255530177746,
            1.050677145303922,
            0.9617852373587084
        ]
    }
}