{
    "action_counts": {
        "what": 5,
        "how": 5,
        "if_can": 5
    },
    "saved_at": "2025-02-27 15:23:57",
    "episode_rewards": [
        0.9276793465531668,
        1.6623207614932536,
        2.187885650256033,
        2.176505905011204,
        2.2291775726661114,
        0.9485186138750967,
        0.05910381048689706,
        2.0977155110151653,
        1.4444621861015863,
        1.0131690930680222
    ],
    "actor_losses": [
        -4.190951585769653e-08,
        -3.725290298461914e-08,
        3.632158041000366e-08,
        2.7008354663848877e-08,
        4.6566128730773926e-09,
        2.60770320892334e-08,
        -6.984919309616089e-08,
        -3.632158041000366e-08,
        1.1175870895385742e-08,
        1.7695128917694092e-08
    ],
    "critic_losses": [
        1.318767317570746e-10,
        36.971107482910156,
        198.7165985107422,
        54.573516845703125,
        555.832275390625,
        742.2870483398438,
        96.69080352783203,
        677.5491943359375,
        1393.111572265625,
        793.1650390625
    ],
    "question_type_rewards": {
        "what": [
            1.6639861733504704,
            1.7303628047217632,
            1.946597943319101,
            2.2728285986670667,
            1.9805818821422965,
            2.187885650256033,
            2.176505905011204,
            2.2291775726661114,
            0.05910381048689706,
            2.0977155110151653
        ],
        "how": [
            1.6442498197946067,
            0.45741331431441845,
            1.0896209191191695,
            0.1634045692616642,
            1.7073124762685243,
            1.207553433848335,
            0.8041961747390987,
            3.0148422701930473,
            1.998653299566455,
            0.9485186138750967
        ],
        "if_can": [
            2.0050195417742613,
            0.7571154175186896,
            2.0086489371080187,
            0.8554071695718422,
            1.9786010264978984,
            1.6857002325683839,
            0.9276793465531668,
            1.6623207614932536,
            1.4444621861015863,
            1.0131690930680222
        ]
    }
}