{
    "action_counts": {
        "what": 5,
        "how": 5,
        "if_can": 5
    },
    "saved_at": "2025-02-27 22:07:33",
    "episode_rewards": [
        1.7459921085558177,
        1.7309597331231077,
        -0.4961549187634156,
        -0.5386100930142401,
        2.0396092822660425,
        2.29845199707165,
        1.1300863704881707,
        1.5488743458701282,
        2.286884659717277,
        0.7061838591002225
    ],
    "actor_losses": [
        -2.7474015951156616e-08,
        1.83936208486557e-08,
        -6.28642737865448e-09,
        2.561137080192566e-08,
        1.30385160446167e-08,
        3.166496753692627e-08,
        -5.122274160385132e-09,
        -3.958120942115784e-09,
        -6.05359673500061e-09,
        1.1641532182693481e-08
    ],
    "critic_losses": [
        9.595169103704393e-11,
        11.270720481872559,
        125.92048645019531,
        45.178138732910156,
        294.8910217285156,
        364.610107421875,
        31.20086097717285,
        601.8790283203125,
        1095.907958984375,
        617.2919921875
    ],
    "question_type_rewards": {
        "what": [
            2.1874435928598857,
            2.058487163445332,
            2.040353605608387,
            1.939611965932427,
            1.7459921085558177,
            1.7309597331231077,
            2.0396092822660425,
            2.29845199707165,
            1.5488743458701282,
            2.286884659717277
        ],
        "how": [
            1.4586964901196513,
            3.09225122103478,
            1.1849225358515971,
            0.09792796750309707,
            2.2898290295987542,
            1.3728865958842624,
            1.3371086533950434,
            -0.4961549187634156,
            -0.5386100930142401,
            0.7061838591002225
        ],
        "if_can": [
            0.9238765552344446,
            1.417127120578527,
            1.9149967762069475,
            0.9981193036850343,
            2.1987109603713484,
            1.0847416528036997,
            1.8209845260077386,
            1.587501009435269,
            0.48099223497638843,
            1.1300863704881707
        ]
    }
}