{
    "action_counts": {
        "what": 5,
        "how": 5,
        "if_can": 5
    },
    "saved_at": "2025-02-27 18:09:52",
    "episode_rewards": [
        2.357396285938494,
        1.7569237180319812,
        2.1280054325209092,
        1.248418368106846,
        1.5912657532159629,
        1.6679392243402225,
        2.8285977349626634,
        2.637245111346033,
        1.817708666502066,
        2.7425165612597366
    ],
    "actor_losses": [
        2.60770320892334e-08,
        -3.725290298461914e-09,
        -4.936009645462036e-08,
        1.862645149230957e-08,
        -9.313225746154785e-09,
        3.632158041000366e-08,
        4.119647201150656e-08,
        -3.725290298461914e-09,
        -2.421438694000244e-08,
        -1.955777406692505e-08
    ],
    "critic_losses": [
        5.031779437558725e-10,
        38.130374908447266,
        57.810855865478516,
        41.03211975097656,
        96.74917602539062,
        97.99005126953125,
        5.598299026489258,
        161.61109924316406,
        183.79981994628906,
        69.37227630615234
    ],
    "question_type_rewards": {
        "what": [
            1.5082171689972537,
            1.965419351348932,
            1.2892160153503558,
            1.7297331810537753,
            3.3694862075311187,
            2.1280054325209092,
            1.5912657532159629,
            1.6679392243402225,
            2.637245111346033,
            2.7425165612597366
        ],
        "how": [
            -0.7635011623563273,
            1.5955477302841055,
            -0.618575114617869,
            1.2382240359695202,
            1.317090913098261,
            1.3511643714058337,
            1.2376164066147561,
            0.11265591572746497,
            1.248418368106846,
            2.8285977349626634
        ],
        "if_can": [
            1.3909762418574627,
            1.1720013189531366,
            1.6993448693183564,
            2.367538364595727,
            0.9626735105341002,
            1.083979521978197,
            2.1306795524631186,
            2.357396285938494,
            1.7569237180319812,
            1.817708666502066
        ]
    }
}