{
    "action_counts": {
        "what": 5,
        "how": 5,
        "if_can": 5
    },
    "saved_at": "2025-03-07 06:56:22",
    "train_losses": [
        0.6900083614933875,
        0.6787058134232798,
        0.6502119764204948,
        0.5951958644774652,
        0.5231871335737167,
        0.4717338652380051,
        0.450227586973098,
        0.44329698624149444,
        0.4403252346861747,
        0.4385407273807833
    ],
    "validation_accuracies": [
        88.9908256880734,
        88.9908256880734,
        91.74311926605505,
        91.74311926605505,
        91.74311926605505,
        91.74311926605505,
        91.74311926605505,
        91.74311926605505,
        91.74311926605505,
        91.74311926605505
    ]
}