{
    "action_counts": {
        "what": 5,
        "how": 5,
        "if_can": 5
    },
    "saved_at": "2025-02-27 08:46:01",
    "episode_rewards": [
        0.820108371077642,
        1.9453964463344682,
        1.0570284329192314,
        2.0600617416762637,
        2.4206790838975887,
        1.4795283891843882,
        1.7677284244502613,
        2.5334031432905215,
        0.8782889479170612,
        1.6490498474687785
    ],
    "actor_losses": [
        2.7939677238464355e-08,
        -5.495990626513958e-05,
        -0.0024867719039320946,
        -0.0029825237579643726,
        -0.0036688698455691338,
        -0.002827937714755535,
        -0.0035742688924074173,
        -0.0035944399423897266,
        -0.004095396492630243,
        -0.0035715121775865555
    ],
    "critic_losses": [
        4.831690603168681e-12,
        30.605756759643555,
        6.997927665710449,
        50.714237213134766,
        24.30065155029297,
        9.786623001098633,
        51.36069107055664,
        36.733097076416016,
        19.576932907104492,
        62.59543228149414
    ],
    "question_type_rewards": {
        "what": [
            2.0589081899992183,
            2.365589175115056,
            1.9396275640271772,
            1.7757253854174593,
            1.8747080595450862,
            1.9453964463344682,
            2.4206790838975887,
            1.7677284244502613,
            2.5334031432905215,
            1.6490498474687785
        ],
        "how": [
            1.6825532997406765,
            0.9260147654938232,
            1.8519436722301803,
            0.9114474579283266,
            1.1797986948134103,
            1.3428058012646438,
            0.5942653862560623,
            0.820108371077642,
            1.0570284329192314,
            1.4795283891843882
        ],
        "if_can": [
            1.9154501116679732,
            1.6401760590765493,
            1.93014105176476,
            1.6637687282162483,
            1.9912192553352914,
            0.8009263853022988,
            0.9655749438859424,
            1.498622883617035,
            2.0600617416762637,
            0.8782889479170612
        ]
    }
}