{
    "action_counts": {
        "what": 5,
        "how": 5,
        "if_can": 5
    },
    "saved_at": "2025-02-27 20:22:46",
    "episode_rewards": [
        1.56409640086898,
        2.808955853255833,
        1.7568121601877766,
        1.6876511008053408,
        1.7738390473824324,
        1.984446240061664,
        1.2073152963562286,
        3.0299642295397664,
        2.4876377535765366,
        0.9879352230829073
    ],
    "actor_losses": [
        3.67872416973114e-08,
        5.494803190231323e-08,
        -1.257285475730896e-08,
        2.2817403078079224e-08,
        3.166496753692627e-08,
        2.7939677238464355e-08,
        2.7474015951156616e-08,
        2.9802322387695312e-08,
        1.0710209608078003e-08,
        -5.587935447692871e-09
    ],
    "critic_losses": [
        5.3887561080046e-11,
        14.73642635345459,
        303.5415954589844,
        88.48887634277344,
        522.2482299804688,
        633.6315307617188,
        47.84328842163086,
        765.7782592773438,
        1155.495361328125,
        469.87744140625
    ],
    "question_type_rewards": {
        "what": [
            1.454486709406754,
            0.7733397502305517,
            1.9208064267483436,
            2.168676146446445,
            1.3050358579591534,
            1.796497126297441,
            2.1025028078322414,
            1.6876511008053408,
            1.7738390473824324,
            2.4876377535765366
        ],
        "how": [
            1.8606707090281593,
            -0.14802568829731189,
            0.8974874352446817,
            -0.28883421178761,
            -0.2566522003441565,
            1.56409640086898,
            2.808955853255833,
            1.7568121601877766,
            3.0299642295397664,
            0.9879352230829073
        ],
        "if_can": [
            1.2243011410446218,
            2.17484058443652,
            0.9948021518439617,
            0.9281977489145716,
            1.1137088964448065,
            0.5675661921924883,
            1.6164056831400133,
            1.9496850547175046,
            1.984446240061664,
            1.2073152963562286
        ]
    }
}