{
    "action_counts": {
        "what": 5,
        "how": 5,
        "if_can": 5
    },
    "saved_at": "2025-02-28 04:47:24",
    "episode_rewards": [
        0.7526859543188772,
        1.6666875292822128,
        1.0020426728254148,
        1.942582783447118,
        1.2223077953010464,
        2.0076251569105756,
        0.5755888532725928,
        -0.5794503254464206,
        1.8507958304655658,
        0.04050150506252981
    ],
    "actor_losses": [
        7.916241884231567e-09,
        -2.833257894963026e-08,
        2.3283064365386963e-10,
        7.159542292356491e-09,
        2.0838342607021332e-08,
        1.4901161193847656e-08,
        4.0745362639427185e-09,
        -9.255018085241318e-09,
        2.7939677238464355e-09,
        -2.3283064365386963e-10
    ],
    "critic_losses": [
        8.844835974741727e-11,
        11.70553207397461,
        155.2183837890625,
        43.35177230834961,
        320.20233154296875,
        408.95941162109375,
        13.088762283325195,
        883.0951538085938,
        1677.0079345703125,
        1090.2288818359375
    ],
    "question_type_rewards": {
        "what": [
            2.3502828489490617,
            2.584426522946619,
            2.6391650022159348,
            2.2063767309221713,
            2.3980091264112255,
            1.1889553635219035,
            1.6666875292822128,
            1.942582783447118,
            2.0076251569105756,
            1.8507958304655658
        ],
        "how": [
            1.4900539268481334,
            1.2360839666601757,
            0.9103614348741557,
            0.015125607274211306,
            1.6232417826830465,
            0.7526859543188772,
            1.0020426728254148,
            0.5755888532725928,
            -0.5794503254464206,
            0.04050150506252981
        ],
        "if_can": [
            0.7958939171555974,
            0.2601080599697464,
            1.3059262084230676,
            1.2112060185072135,
            0.4528869112819552,
            1.057561783901863,
            1.3203344897232243,
            1.8019002490570308,
            1.9790116559238355,
            1.2223077953010464
        ]
    }
}