{
    "action_counts": {
        "what": 5,
        "how": 5,
        "if_can": 5
    },
    "saved_at": "2025-02-27 18:34:19",
    "episode_rewards": [
        0.14955219134285297,
        0.6910193898766803,
        1.0671312436224054,
        -1.0882383743022634,
        0.8377110767428596,
        2.2623460090976435,
        2.5546592129960466,
        1.500015189884122,
        1.938399766930688,
        -0.09124064042270275
    ],
    "actor_losses": [
        -3.888271749019623e-08,
        1.30385160446167e-08,
        1.280568540096283e-08,
        -1.4901161193847656e-08,
        -1.7695128917694092e-08,
        -1.4901161193847656e-08,
        -3.725290298461914e-09,
        1.5366822481155396e-08,
        -1.1175870895385742e-08,
        -1.6996636986732483e-08
    ],
    "critic_losses": [
        5.547917680814862e-11,
        51.66719436645508,
        1505.8111572265625,
        998.92431640625,
        244.41055297851562,
        297.0692443847656,
        326.39776611328125,
        202.86602783203125,
        506.2525634765625,
        425.437744140625
    ],
    "question_type_rewards": {
        "what": [
            1.7297331810537753,
            3.3694862075311187,
            2.1280054325209092,
            1.5912657532159629,
            1.6679392243402225,
            2.637245111346033,
            2.7425165612597366,
            1.9908698757316534,
            1.0671312436224054,
            2.2623460090976435
        ],
        "how": [
            1.3511643714058337,
            1.2376164066147561,
            0.11265591572746497,
            1.248418368106846,
            2.8285977349626634,
            0.026159807915604516,
            0.6910193898766803,
            -1.0882383743022634,
            2.5546592129960466,
            1.938399766930688
        ],
        "if_can": [
            0.9626735105341002,
            1.083979521978197,
            2.1306795524631186,
            2.357396285938494,
            1.7569237180319812,
            1.817708666502066,
            0.14955219134285297,
            0.8377110767428596,
            1.500015189884122,
            -0.09124064042270275
        ]
    }
}