{
    "action_counts": {
        "what": 8,
        "how": 8,
        "if_can": 8
    },
    "saved_at": "2025-03-02 20:03:45",
    "episode_rewards": [
        -0.14719313541157164,
        1.121129726959217,
        -0.18275074546111236,
        0.7769141233426203,
        0.16254165757799788,
        1.3100312435713315,
        1.1279053058554915,
        1.5326314965129793,
        2.136818269407143,
        1.2011949399887665
    ],
    "actor_losses": [
        -0.014602632261812687,
        -0.02185145393013954,
        -0.023367568850517273,
        -0.02000696025788784,
        -0.022763501852750778,
        -0.022854330018162727,
        -0.021196607500314713,
        -0.019693143665790558,
        -0.023444723337888718,
        -0.01798524707555771
    ],
    "critic_losses": [
        2.970068635477219e-10,
        12.401875495910645,
        144.5203857421875,
        55.37130355834961,
        221.31797790527344,
        266.7774658203125,
        12.286453247070312,
        320.3258361816406,
        420.57757568359375,
        195.96536254882812
    ],
    "question_type_rewards": {
        "what": [
            1.5677763214180014,
            1.655750030851693,
            1.5156440838344705,
            1.6335502393207983,
            1.8314739426556,
            1.1354076021005233,
            -0.25408907144505777,
            2.402876203430942,
            1.1279053058554915,
            2.136818269407143
        ],
        "how": [
            0.9994193562913976,
            1.1376715621074889,
            0.6689872308903311,
            1.436916115736111,
            0.5982177072365307,
            2.2340790843918334,
            1.121129726959217,
            -0.18275074546111236,
            0.7769141233426203,
            1.2011949399887665
        ],
        "if_can": [
            0.42124766538539826,
            0.016754349298181842,
            0.10782121536983866,
            1.8950194176433424,
            1.1559072034604942,
            0.6222540491935531,
            -0.14719313541157164,
            0.16254165757799788,
            1.3100312435713315,
            1.5326314965129793
        ]
    }
}