{
    "action_counts": {
        "what": 5,
        "how": 5,
        "if_can": 5
    },
    "saved_at": "2025-02-28 01:13:50",
    "episode_rewards": [
        1.8105737529981907,
        2.0538453763391935,
        1.9918779638691717,
        1.8046996368578467,
        1.932556765226847,
        1.436570457095556,
        2.5268646804439787,
        1.94269558403611,
        -0.2090851262358377,
        1.3079679413448184
    ],
    "actor_losses": [
        0.0,
        -2.514570951461792e-08,
        -4.6566128730773926e-09,
        -6.05359673500061e-09,
        1.3969838619232178e-09,
        1.0826624929904938e-08,
        -1.4086253941059113e-08,
        -2.60770320892334e-08,
        -1.5366822481155396e-08,
        -1.30385160446167e-08
    ],
    "critic_losses": [
        2.1009327610954642e-10,
        94.47164916992188,
        17.582271575927734,
        158.47720336914062,
        161.7075958251953,
        91.33218383789062,
        64.514404296875,
        120.7819595336914,
        42.47618103027344,
        192.16436767578125
    ],
    "question_type_rewards": {
        "what": [
            0.9384900338454718,
            1.886883008727775,
            1.1247511989069046,
            0.8928461795629256,
            2.4185152021643574,
            2.660702206753041,
            0.9101568679566708,
            2.0538453763391935,
            1.8046996368578467,
            1.932556765226847
        ],
        "how": [
            0.029934193491418626,
            1.5026791743847072,
            1.5245223820320033,
            0.0020571055355495527,
            1.0140212966975306,
            1.1250684913010904,
            -0.18779431616779146,
            -1.0671968204005222,
            2.5268646804439787,
            -0.2090851262358377
        ],
        "if_can": [
            1.3690794306718839,
            1.0433645030750678,
            1.753033539473163,
            1.9666964367255697,
            1.025078242735966,
            1.8105737529981907,
            1.9918779638691717,
            1.436570457095556,
            1.94269558403611,
            1.3079679413448184
        ]
    }
}