{
    "action_counts": {
        "what": 5,
        "how": 5,
        "if_can": 5
    },
    "saved_at": "2025-02-27 13:40:33",
    "episode_rewards": [
        0.48113412549214163,
        1.3033129525651517,
        2.8907811840797573,
        1.456943927305907,
        1.4997174742587667,
        1.2350412715060508,
        1.1293489868873547,
        1.6826350532272019,
        1.524207188450278,
        0.4300454198277785
    ],
    "actor_losses": [
        -3.166496753692627e-08,
        -2.561137080192566e-08,
        -1.30385160446167e-08,
        -1.7695128917694092e-08,
        -8.847564458847046e-09,
        -1.0710209608078003e-08,
        -2.8405338525772095e-08,
        8.102506399154663e-08,
        -5.2619725465774536e-08,
        4.423782229423523e-08
    ],
    "critic_losses": [
        3.0041746867937036e-10,
        29.798656463623047,
        74.19458770751953,
        6.969740390777588,
        169.1885528564453,
        117.33175659179688,
        146.380859375,
        152.3030242919922,
        51.079673767089844,
        44.2465934753418
    ],
    "question_type_rewards": {
        "what": [
            2.238310405750169,
            0.8335063427536262,
            2.0253481415525223,
            1.4831960984270545,
            2.003877023270075,
            1.8311398317994305,
            1.3033129525651517,
            2.8907811840797573,
            1.456943927305907,
            1.6826350532272019
        ],
        "how": [
            1.449662978521303,
            1.1019322314789244,
            1.7791412273978848,
            2.982214384042008,
            1.4700050433455216,
            1.1661816960195268,
            0.8822246325989197,
            1.7186738149413716,
            0.48113412549214163,
            1.2350412715060508
        ],
        "if_can": [
            0.2444321732529427,
            1.5328954994442934,
            0.12189556292641482,
            2.293197472606073,
            -0.10828839852299538,
            1.3553971477894857,
            1.4997174742587667,
            1.1293489868873547,
            1.524207188450278,
            0.4300454198277785
        ]
    }
}