{
    "action_counts": {
        "what": 5,
        "how": 5,
        "if_can": 5
    },
    "saved_at": "2025-02-27 16:57:25",
    "episode_rewards": [
        0.43645095810450807,
        1.942749422971748,
        1.518832548887962,
        2.01551936483394,
        1.5781013354095732,
        1.1977746412680237,
        1.5567253129301555,
        1.0356726950856503,
        2.676020029346096,
        2.148230061595459
    ],
    "actor_losses": [
        3.213062882423401e-08,
        -1.0244548320770264e-08,
        3.5390257835388184e-08,
        -2.1420419216156006e-08,
        -6.05359673500061e-09,
        0.0,
        1.5832483768463135e-08,
        -2.7008354663848877e-08,
        -2.7939677238464355e-09,
        1.210719347000122e-08
    ],
    "critic_losses": [
        1.0663825378287584e-10,
        8.317519187927246,
        59.026065826416016,
        21.210105895996094,
        110.44891357421875,
        128.21337890625,
        23.79107093811035,
        97.31466674804688,
        98.38960266113281,
        26.056058883666992
    ],
    "question_type_rewards": {
        "what": [
            1.6409579142725046,
            1.6335318142841841,
            1.9530565821358046,
            0.4762093744674366,
            2.1161890266202414,
            3.1388642999475262,
            2.01551936483394,
            1.5781013354095732,
            2.676020029346096,
            2.148230061595459
        ],
        "how": [
            1.4178959415673436,
            1.7362374177575441,
            1.4240290057128688,
            1.5915177508167493,
            1.3510520871580782,
            1.1730380353911503,
            1.518832548887962,
            1.1977746412680237,
            1.5567253129301555,
            1.0356726950856503
        ],
        "if_can": [
            1.1596390347046253,
            2.3223664353656,
            0.6743242721847112,
            1.1817621333177843,
            1.2220609914677585,
            1.1387192342304988,
            1.9793709515721003,
            1.5540248922513968,
            0.43645095810450807,
            1.942749422971748
        ]
    }
}