{
    "action_counts": {
        "what": 5,
        "how": 5,
        "if_can": 5
    },
    "saved_at": "2025-02-27 12:03:39",
    "episode_rewards": [
        0.25678100879877486,
        0.4268134853933645,
        -0.44653688492109794,
        1.7522199132395027,
        1.528617070400896,
        1.5674810854004737,
        2.8266442764777895,
        2.2343013751334126,
        1.1897912159748827,
        2.127849321916426
    ],
    "actor_losses": [
        1.862645149230957e-09,
        3.096647560596466e-08,
        -8.614733815193176e-09,
        -1.83936208486557e-08,
        -1.6705598682165146e-08,
        -6.28642737865448e-09,
        -4.377216100692749e-08,
        2.3283064365386963e-08,
        1.862645149230957e-09,
        -1.1175870895385742e-08
    ],
    "critic_losses": [
        1.9383675220474572e-11,
        7.734618663787842,
        695.475830078125,
        413.75018310546875,
        327.99432373046875,
        526.8488159179688,
        254.44773864746094,
        262.32415771484375,
        318.00640869140625,
        292.51904296875
    ],
    "question_type_rewards": {
        "what": [
            2.0145610240282275,
            1.7669460679009754,
            2.311717275834117,
            2.798269354349173,
            1.9078714845151068,
            1.783419507551439,
            2.4670495357563755,
            2.835432862350911,
            2.2343013751334126,
            2.127849321916426
        ],
        "how": [
            1.0726787202220527,
            1.2481919775545773,
            0.6916268463457084,
            -0.9634627443513771,
            -0.5148731159769838,
            0.25678100879877486,
            0.4268134853933645,
            -0.44653688492109794,
            1.5674810854004737,
            2.8266442764777895
        ],
        "if_can": [
            0.8567267071004954,
            0.9616706661071668,
            0.7446485046300632,
            1.5099231199282868,
            1.815785379633319,
            1.49417195486799,
            1.2338854979764515,
            1.7522199132395027,
            1.528617070400896,
            1.1897912159748827
        ]
    }
}