{
    "action_counts": {
        "what": 5,
        "how": 5,
        "if_can": 5
    },
    "saved_at": "2025-02-27 01:36:35",
    "episode_rewards": [
        1.0172807059930946,
        1.6278987409049133,
        1.5071841456213315,
        0.32029804868120093,
        0.6551848295141174,
        0.030511821022409485,
        1.4689335005274717,
        0.29920690099126573,
        2.5688660098290583,
        1.1082302902742929
    ],
    "actor_losses": [
        -2.066371962428093e-09,
        2.270098775625229e-09,
        -3.6088749766349792e-09,
        -1.7695128917694092e-08,
        2.293381839990616e-08,
        -1.5665136743336916e-08,
        -2.473825588822365e-09,
        -3.6670826375484467e-09,
        4.94765117764473e-09,
        3.3527612686157227e-08
    ],
    "critic_losses": [
        3.5981884138891473e-11,
        5.074745178222656,
        632.2922973632812,
        453.2785949707031,
        76.56666564941406,
        100.3880386352539,
        160.5423583984375,
        76.0362777709961,
        239.5554656982422,
        264.06085205078125
    ],
    "question_type_rewards": {
        "what": [
            2.1945502703509736,
            0.8224479670902456,
            2.4484635966900052,
            1.5484147511486905,
            1.7901006647432454,
            1.863189831630451,
            1.4160842076566431,
            2.253771568866869,
            1.6278987409049133,
            2.5688660098290583
        ],
        "how": [
            1.077884130158221,
            1.1748786091140027,
            3.0747714897826195,
            0.9442033765024582,
            0.32270519950678284,
            0.7985919518693736,
            1.0172807059930946,
            1.5071841456213315,
            0.6551848295141174,
            1.4689335005274717
        ],
        "if_can": [
            1.4904516174085356,
            1.7929020643025977,
            0.35826033974781785,
            1.4464255329778035,
            0.32255497254111065,
            0.08869183034171543,
            0.32029804868120093,
            0.030511821022409485,
            0.29920690099126573,
            1.1082302902742929
        ]
    }
}