{
  "gpt-3.5-turbo": {
    "what": {
      "rewards": [
        0.5878022504084511,
        0.6102273697753525,
        0.358139542234306,
        0.6123957672766263,
        0.4524828732795973,
        0.8100901126816423,
        0.493879758536745,
        0.331064776738423,
        0.41576957363876044,
        0.501479879667527,
        0.6636081735916846,
        0.5650246948821579,
        0.5973965594441892,
        0.5162392122252157,
        0.6169135370571374,
        0.3312849747895751,
        0.7827224785633229,
        0.4925959402287046,
        0.4667507778578721,
        0.49453077122016453,
        0.4607511110119248,
        0.8486430055261001,
        0.6940419553692692,
        0.8473365185615271,
        0.41665986124939364,
        0.38233376460016427,
        0.3917499437471316
      ],
      "bert_scores": [
        0.885675311088562,
        0.9099476337432861,
        0.8366169929504395,
        0.9092603325843811,
        0.825350821018219,
        0.9272968173027039,
        0.8710254430770874,
        0.8134854435920715,
        0.850445568561554,
        0.874875545501709,
        0.9257076978683472,
        0.8952212929725647,
        0.8967870473861694,
        0.8786637187004089,
        0.9087074398994446,
        0.8373621106147766,
        0.9317890405654907,
        0.8930521011352539,
        0.8910678625106812,
        0.8598992228507996,
        0.8550775647163391,
        0.9388798475265503,
        0.9379291534423828,
        0.8940515518188477,
        0.8279311656951904,
        0.8374539613723755,
        0.8582897186279297
      ],
      "rouge_scores": [
        0.5223880597014925,
        0.503896103896104,
        0.14468085106382977,
        0.476510067114094,
        0.25316455696202533,
        0.764331210191083,
        0.3838709677419355,
        0.1142857142857143,
        0.16901408450704225,
        0.32335329341317365,
        0.5354838709677419,
        0.4365781710914454,
        0.47586206896551725,
        0.4100418410041841,
        0.42857142857142855,
        0.08552631578947369,
        0.6218487394957983,
        0.2867012089810017,
        0.3397849462365591,
        0.31612903225806455,
        0.2633744855967078,
        0.7655502392344496,
        0.48888888888888893,
        0.872852233676976,
        0.20216606498194944,
        0.19730941704035876,
        0.19076923076923077
      ],
      "meteor_scores": [
        0.3875900752881945,
        0.3794466938429727,
        0.16920904287167257,
        0.5456779543821229,
        0.38053892215568863,
        0.7522722462416319,
        0.21358036980683037,
        0.21711575176648895,
        0.3579043557721597,
        0.38515546848762006,
        0.4620583298317248,
        0.3361205445149008,
        0.46591671326180506,
        0.24030357677796924,
        0.5202057882322523,
        0.21939432989690724,
        0.8499794069192752,
        0.23712491574321226,
        0.18086574983871959,
        0.27473164569219194,
        0.26672106843344767,
        0.8369950821965471,
        0.7007011304971561,
        0.7524422887502853,
        0.27607709804136504,
        0.18028596570220837,
        0.166876995804132
      ]
    },
    "how": {
      "rewards": [
        0.35192572437404257,
        0.30591224284246626,
        0.32486658124128975,
        0.38514205615443664,
        0.7022530033789095,
        0.3205147140509599,
        0.3732957446829741,
        0.3085062362404061,
        0.2997381268890727,
        0.5205700491805899,
        0.5000600776624202,
        0.3198014213005551,
        0.7522555779759962
      ],
      "bert_scores": [
        0.8253194689750671,
        0.8234415054321289,
        0.8107996582984924,
        0.8579737544059753,
        0.915439784526825,
        0.7947118282318115,
        0.8125929832458496,
        0.8010290861129761,
        0.7839909791946411,
        0.8776289224624634,
        0.8946636915206909,
        0.8141118288040161,
        0.924697995185852
      ],
      "rouge_scores": [
        0.14084507042253522,
        0.08620689655172413,
        0.11666666666666667,
        0.1917808219178082,
        0.6565656565656566,
        0.1,
        0.13872832369942198,
        0.07547169811320753,
        0.11111111111111113,
        0.29113924050632906,
        0.24338624338624343,
        0.13043478260869565,
        0.7053941908713693
      ],
      "meteor_scores": [
        0.17985611510791363,
        0.13578274760383385,
        0.152,
        0.15748031496062992,
        0.5200254403476847,
        0.17755681818181818,
        0.2816990701606086,
        0.1892998616700201,
        0.14326647564469913,
        0.4450435652850985,
        0.4160365295889003,
        0.09106933019976497,
        0.6455967925134297
      ]
    },
    "if_can": {
      "rewards": [
        0.5349474246470011,
        0.7346042668184817,
        0.6089676397284642,
        0.5568901971775969,
        0.5691878937254635,
        0.5410533946620588,
        0.6550683533682001,
        0.5399901338838573,
        0.5426083357754046,
        0.6309218461516537,
        0.5223162047501458,
        0.35731981252052303,
        0.45230692279885687,
        0.5855099148652154,
        0.6028117680911621,
        0.5326155833009237,
        0.6585946311526674,
        0.5995147641527209,
        0.5479844801651944,
        0.6791174240590964
      ],
      "bert_scores": [
        0.8965075016021729,
        0.9099491238594055,
        0.8838292956352234,
        0.9064896106719971,
        0.858016848564148,
        0.8724740743637085,
        0.9040119647979736,
        0.8491291403770447,
        0.8740448355674744,
        0.8922036290168762,
        0.8686404824256897,
        0.7853933572769165,
        0.8517441749572754,
        0.8927338719367981,
        0.9138482809066772,
        0.8774309158325195,
        0.8885545134544373,
        0.8797269463539124,
        0.8662547469139099,
        0.9003461003303528
      ],
      "rouge_scores": [
        0.3516483516483517,
        0.5967741935483871,
        0.4817518248175182,
        0.4,
        0.40816326530612246,
        0.36363636363636365,
        0.48571428571428577,
        0.41071428571428575,
        0.3627906976744187,
        0.4765342960288808,
        0.3885714285714286,
        0.12040133779264213,
        0.2279411764705882,
        0.4474885844748859,
        0.4694835680751173,
        0.3111111111111111,
        0.5289256198347108,
        0.4846153846153846,
        0.3179916317991632,
        0.52
      ],
      "meteor_scores": [
        0.40970613449410603,
        0.6969998723151138,
        0.49886086703254356,
        0.47330998400853985,
        0.5355714610315837,
        0.4132516554996481,
        0.6123653447787228,
        0.4282069970845482,
        0.38814326440517966,
        0.5560794030636828,
        0.3930285177595628,
        0.2937548252828036,
        0.29103966597077247,
        0.44017336743273927,
        0.4205078159754465,
        0.41866449230657576,
        0.5657356006238471,
        0.4164327750243023,
        0.4179479522041147,
        0.647474947257384
      ]
    }
  },
  "gpt-4": {
    "what": {
      "rewards": [
        0.35425403059704236,
        0.6246334703075235,
        0.6311323169106645,
        0.5994781156864394,
        0.4570048398093174,
        0.7476051115638499,
        0.4839612697371829,
        0.37076832335465,
        0.3904725344630739,
        0.4341611916133768,
        0.5201196929543117,
        0.7911130705598313,
        0.567242356198808,
        0.5106984162107733,
        0.5528820287210897,
        0.3690155204340769,
        0.8022342837214327,
        0.3997740941850927,
        0.5695087644504312,
        0.5565427345561614,
        0.5883018678359022,
        0.833876854373645,
        0.7297086467294842,
        0.9247211525475495,
        0.4173716213105826,
        0.37072654361779755,
        0.4139558557679604
      ],