{
    "action_counts": {
        "what": 5,
        "how": 5,
        "if_can": 5
    },
    "saved_at": "2025-02-27 07:03:25",
    "episode_rewards": [
        2.0292064190642334,
        1.4647491872899032,
        2.4499103209415627,
        1.2842256632358342,
        2.206207635717891,
        1.345168836906518,
        1.4023990299693225,
        0.13584422032187463,
        1.7835885218413683,
        -0.16902092572240368
    ],
    "actor_losses": [
        -1.0244548320770264e-08,
        0.00288776820525527,
        0.00019766169134527445,
        0.0008021406829357147,
        0.0003073696861974895,
        0.0006644348613917828,
        0.0012431242503225803,
        0.0006298590451478958,
        0.00042339530773460865,
        0.0012159013422206044
    ],
    "critic_losses": [
        5.6843418860808015e-12,
        66.87117767333984,
        16.875486373901367,
        126.60681915283203,
        169.96385192871094,
        24.909221649169922,
        175.1678009033203,
        319.947998046875,
        164.15589904785156,
        43.99589157104492
    ],
    "question_type_rewards": {
        "what": [
            1.1951514388053242,
            2.1167912186756914,
            1.9186315139043904,
            1.2670440319421914,
            2.422945747379461,
            2.0292064190642334,
            1.4647491872899032,
            2.4499103209415627,
            2.206207635717891,
            1.4023990299693225
        ],
        "how": [
            1.446429686129533,
            1.3415216509706003,
            0.7428770819679227,
            0.5403841875846399,
            0.5265284888893673,
            1.1949487636312932,
            0.9712680595766898,
            0.929126082487095,
            1.5774695243744734,
            -0.16902092572240368
        ],
        "if_can": [
            1.2312509455240102,
            2.180113858950385,
            0.9965580387377961,
            1.4375816600842275,
            1.7506170531172998,
            1.4645966964399588,
            1.2842256632358342,
            1.345168836906518,
            0.13584422032187463,
            1.7835885218413683
        ]
    }
}