{
    "action_counts": {
        "what": 5,
        "how": 5,
        "if_can": 5
    },
    "saved_at": "2025-03-17 18:00:05",
    "train_losses": [
        0.6886086521610137,
        0.6714505649382069,
        0.632601511093878,
        0.5658722491033615,
        0.4928037956837685,
        0.4503009751919777,
        0.43469165698174506,
        0.42866126856496256,
        0.4261843023761626,
        0.4249307354611735
    ],
    "validation_accuracies": [
        81.65137614678899,
        83.4862385321101,
        83.4862385321101,
        83.4862385321101,
        83.4862385321101,
        84.40366972477065,
        84.40366972477065,
        84.40366972477065,
        84.40366972477065,
        84.40366972477065
    ]
}