{
    "action_counts": {
        "what": 5,
        "how": 5,
        "if_can": 5
    },
    "saved_at": "2025-03-11 02:10:33",
    "train_losses": [
        0.6926895033928656,
        0.6908950901800587,
        0.6863165728507503,
        0.6757667083894053,
        0.6546170365425849,
        0.6198854100319647,
        0.5731816609059611,
        0.5238385200500488,
        0.4846367336088611,
        0.45907786584669547
    ],
    "validation_accuracies": [
        81.65137614678899,
        82.56880733944955,
        83.4862385321101,
        83.4862385321101,
        83.4862385321101,
        83.4862385321101,
        83.4862385321101,
        83.4862385321101,
        80.73394495412845,
        72.47706422018348
    ]
}