{
    "action_counts": {
        "what": 5,
        "how": 5,
        "if_can": 5
    },
    "saved_at": "2025-03-01 18:59:12",
    "episode_rewards": [
        2.175230249775393,
        1.5124647403226534,
        1.985076137257356,
        1.5523469254927578,
        1.492060988995831,
        2.068932090092442,
        1.6590061825118125,
        1.61935886256308,
        1.6611505226988004,
        3.1255649222021122
    ],
    "actor_losses": [
        -5.529727786779404e-10,
        -8.032657206058502e-09,
        2.1187588572502136e-08,
        -1.6378180589526892e-08,
        -2.2526364773511887e-08,
        1.862645149230957e-09,
        3.026798367500305e-09,
        2.514570951461792e-08,
        2.9103830456733704e-08,
        -6.28642737865448e-09
    ],
    "critic_losses": [
        7.823430792086583e-11,
        345.23089599609375,
        373.90032958984375,
        139.9850616455078,
        740.1123046875,
        886.9508666992188,
        46.9054069519043,
        1529.727783203125,
        2819.930908203125,
        1783.7767333984375
    ],
    "question_type_rewards": {
        "what": [
            1.3528521922114964,
            1.470675126870544,
            2.3420106508772993,
            2.3010633842659427,
            2.158411308642888,
            2.539164706833132,
            2.175230249775393,
            2.068932090092442,
            1.6611505226988004,
            3.1255649222021122
        ],
        "how": [
            3.1283716056397375,
            1.2341087674789213,
            1.076708638569108,
            0.13596421479090587,
            1.3245375127532895,
            -0.7413855954270561,
            0.46042181659343095,
            1.327510310528635,
            1.5124647403226534,
            1.492060988995831
        ],
        "if_can": [
            2.024580100792302,
            2.287187645248216,
            1.618996336980048,
            1.5073247414090898,
            1.195631531233153,
            1.1414407423972879,
            1.985076137257356,
            1.5523469254927578,
            1.6590061825118125,
            1.61935886256308
        ]
    }
}